user_genome	classification	fastani_reference	fastani_reference_radius	fastani_taxonomy	fastani_ani	fastani_af	closest_placement_reference	closest_placement_taxonomy	closest_placement_ani	closest_placement_af	pplacer_taxonomy	classification_method	note	other_related_references(genome_id,species_name,radius,ANI,AF)	aa_percent	translation_table	red_value	warnings
700mSIPHEX1-concot_15	d__Bacteria;p__Proteobacteria;c__Gammaproteobacteria;o__Pseudomonadales;f__Saccharospirillaceae;g__Oleibacter;s__Oleibacter sp002733645	GCA_002733645.1	95.0	d__Bacteria;p__Proteobacteria;c__Gammaproteobacteria;o__Pseudomonadales;f__Saccharospirillaceae;g__Oleibacter;s__Oleibacter sp002733645	98.23	0.84	GCA_002733645.1	d__Bacteria;p__Proteobacteria;c__Gammaproteobacteria;o__Pseudomonadales;f__Saccharospirillaceae;g__Oleibacter;s__Oleibacter sp002733645	98.23	0.84	d__Bacteria;p__Proteobacteria;c__Gammaproteobacteria;o__Pseudomonadales;f__Saccharospirillaceae;g__Oleibacter;s__	ANI/Placement	topological placement and ANI have congruent species assignments	GCF_900156675.1, s__Oleibacter marinus, 95.0, 78.12, 0.2; GCA_002331105.1, s__Oleibacter sp002331105, 95.0, 77.98, 0.18	91.69	11	N/A	N/A
5mSIPHEX1-metabat_8	d__Bacteria;p__Proteobacteria;c__Alphaproteobacteria;o__Rhodobacterales;f__Rhodobacteraceae;g__Tateyamaria;s__Tateyamaria sp900143535	GCF_900143535.1	95.0	d__Bacteria;p__Proteobacteria;c__Alphaproteobacteria;o__Rhodobacterales;f__Rhodobacteraceae;g__Tateyamaria;s__Tateyamaria sp900143535	97.51	0.85	GCF_900143535.1	d__Bacteria;p__Proteobacteria;c__Alphaproteobacteria;o__Rhodobacterales;f__Rhodobacteraceae;g__Tateyamaria;s__Tateyamaria sp900143535	97.51	0.85	d__Bacteria;p__Proteobacteria;c__Alphaproteobacteria;o__Rhodobacterales;f__Rhodobacteraceae;g__Tateyamaria;s__	ANI/Placement	topological placement and ANI have congruent species assignments	GCF_001969365.1, s__Tateyamaria omphalii, 95.0, 78.37, 0.36; GCF_000814025.1, s__Tateyamaria sp000814025, 95.0, 78.22, 0.36	98.13	11	N/A	N/A
700mSIPHEX2-metabat_23	d__Bacteria;p__Bacteroidota;c__Bacteroidia;o__Flavobacteriales;f__Flavobacteriaceae;g__Dokdonia;s__Dokdonia sp002712765	GCA_002712765.1	95.0	d__Bacteria;p__Bacteroidota;c__Bacteroidia;o__Flavobacteriales;f__Flavobacteriaceae;g__Dokdonia;s__Dokdonia sp002712765	99.16	0.92	GCA_002712765.1	d__Bacteria;p__Bacteroidota;c__Bacteroidia;o__Flavobacteriales;f__Flavobacteriaceae;g__Dokdonia;s__Dokdonia sp002712765	99.16	0.92	d__Bacteria;p__Bacteroidota;c__Bacteroidia;o__Flavobacteriales;f__Flavobacteriaceae;g__Dokdonia;s__	ANI/Placement	topological placement and ANI have congruent species assignments	N/A	97.54	11	N/A	N/A
700mSIPHEX1-concot_1	d__Bacteria;p__Proteobacteria;c__Alphaproteobacteria;o__Rhodobacterales;f__Rhodobacteraceae;g__Paracoccus;s__Paracoccus sp000967825	GCF_000967825.1	95.0	d__Bacteria;p__Proteobacteria;c__Alphaproteobacteria;o__Rhodobacterales;f__Rhodobacteraceae;g__Paracoccus;s__Paracoccus sp000967825	97.7	0.98	GCF_000967825.1	d__Bacteria;p__Proteobacteria;c__Alphaproteobacteria;o__Rhodobacterales;f__Rhodobacteraceae;g__Paracoccus;s__Paracoccus sp000967825	97.7	0.98	d__Bacteria;p__Proteobacteria;c__Alphaproteobacteria;o__Rhodobacterales;f__Rhodobacteraceae;g__Paracoccus;s__	ANI/Placement	topological placement and ANI have congruent species assignments	GCF_000787695.1, s__Paracoccus sp000787695, 95.0, 91.78, 0.8; GCA_001724535.1, s__Paracoccus sp001724535, 95.0, 88.34, 0.8; GCF_001887735.1, s__Paracoccus sp001887735, 95.0, 84.21, 0.73; GCF_003255745.1, s__Paracoccus saliphilus_A, 95.0, 84.1, 0.69; GCF_000420145.1, s__Paracoccus zeaxanthinifaciens, 95.0, 83.69, 0.72; GCF_003056335.1, s__Paracoccus sp003056335, 95.0, 83.51, 0.69; GCF_900102505.1, s__Paracoccus tibetensis, 95.0, 82.76, 0.66; GCF_002901215.1, s__Paracoccus sp002901215, 95.0, 82.13, 0.61; GCF_900188295.1, s__Paracoccus sediminis, 95.0, 81.95, 0.58; GCF_900111675.1, s__Paracoccus homiensis, 95.0, 80.9, 0.56; GCA_002294185.1, s__Paracoccus sp002294185, 95.0, 80.81, 0.59; GCF_900110285.1, s__Paracoccus alcaliphilus, 95.0, 80.73, 0.57; GCA_002732665.1, s__Paracoccus sp002732665, 95.0, 80.71, 0.55; GCF_000518925.1, s__Paracoccus sp000518925, 95.0, 80.68, 0.55; GCF_000622145.1, s__Paracoccus yeei, 95.95, 80.67, 0.55; GCF_001546115.1, s__Paracoccus aminovorans_B, 95.0, 80.63, 0.56; GCF_002847445.1, s__Paracoccus zhejiangensis, 95.0, 80.61, 0.56; GCF_000763885.1, s__Paracoccus versutus, 95.0, 80.58, 0.55; GCF_900115335.1, s__Paracoccus pantotrophus, 95.0, 80.48, 0.54; GCA_003285265.1, s__Paracoccus mutanolyticus, 95.95, 80.42, 0.5; GCF_900005615.1, s__Paracoccus aminovorans, 95.0, 80.41, 0.51; GCA_003286075.1, s__Paracoccus sp003286075, 95.0, 80.39, 0.53; GCF_001447385.1, s__Paracoccus sp001447385, 95.0, 80.37, 0.54; GCF_900100045.1, s__Paracoccus denitrificans, 95.0, 80.25, 0.55; GCF_003007735.1, s__Paracoccus marina, 95.0, 80.23, 0.52; GCF_000763805.1, s__Paracoccus sphaerophysae, 95.0, 80.16, 0.49; GCF_900102885.1, s__Paracoccus chinensis, 95.0, 79.93, 0.46; GCF_002287065.1, s__Paracoccus sp002287065, 95.0, 79.92, 0.48; GCF_000763905.1, s__Paracoccus halophilus, 95.0, 79.71, 0.47; GCF_900142875.1, s__Paracoccus solventivorans, 95.0, 79.66, 0.46; GCF_900156835.1, s__Paracoccus saliphilus, 95.0, 79.62, 0.47; GCF_002865605.1, s__Paracoccus sp002865605, 95.0, 79.55, 0.43; GCF_002105555.1, s__Paracoccus contaminans, 95.0, 79.52, 0.49; GCF_900106665.1, s__Paracoccus sanguinis, 95.0, 79.42, 0.47; GCF_900199195.1, s__Paracoccus seriniphilus, 95.0, 79.39, 0.45; GCF_900108405.1, s__Paracoccus alkenifer, 95.0, 79.3, 0.45; GCF_900101865.1, s__Paracoccus isoporae, 95.0, 79.26, 0.43; GCF_002847305.1, s__Paracoccus sp002847305, 95.0, 79.16, 0.45; GCA_002359815.1, s__Paracoccus sp002359815, 95.0, 78.62, 0.37; GCF_900177635.1, s__Paracoccus sp900177635, 95.0, 78.54, 0.37; GCA_003240735.1, s__Paracoccus denitrificans_A, 95.0, 78.42, 0.36; GCF_000444995.1, s__Paracoccus aminophilus, 95.0, 78.27, 0.37	97.88	11	N/A	N/A
5mSIPHEX1-metabat_18	d__Bacteria;p__Proteobacteria;c__Gammaproteobacteria;o__Pseudomonadales;f__Saccharospirillaceae;g__Oleibacter;s__Oleibacter sp002733645	GCA_002733645.1	95.0	d__Bacteria;p__Proteobacteria;c__Gammaproteobacteria;o__Pseudomonadales;f__Saccharospirillaceae;g__Oleibacter;s__Oleibacter sp002733645	98.71	0.81	GCA_002733645.1	d__Bacteria;p__Proteobacteria;c__Gammaproteobacteria;o__Pseudomonadales;f__Saccharospirillaceae;g__Oleibacter;s__Oleibacter sp002733645	98.71	0.81	d__Bacteria;p__Proteobacteria;c__Gammaproteobacteria;o__Pseudomonadales;f__Saccharospirillaceae;g__Oleibacter;s__	ANI/Placement	topological placement and ANI have congruent species assignments	N/A	71.98	11	N/A	Genome has more than 10.0% of markers with multiple hits
5mSIPHEX2-metabat_25	d__Bacteria;p__Proteobacteria;c__Alphaproteobacteria;o__Rhodobacterales;f__Rhodobacteraceae;g__Tateyamaria;s__Tateyamaria sp900143535	GCF_900143535.1	95.0	d__Bacteria;p__Proteobacteria;c__Alphaproteobacteria;o__Rhodobacterales;f__Rhodobacteraceae;g__Tateyamaria;s__Tateyamaria sp900143535	97.64	0.92	GCF_900143535.1	d__Bacteria;p__Proteobacteria;c__Alphaproteobacteria;o__Rhodobacterales;f__Rhodobacteraceae;g__Tateyamaria;s__Tateyamaria sp900143535	97.64	0.92	d__Bacteria;p__Proteobacteria;c__Alphaproteobacteria;o__Rhodobacterales;f__Rhodobacteraceae;g__Tateyamaria;s__	ANI/Placement	topological placement and ANI have congruent species assignments	GCF_001969365.1, s__Tateyamaria omphalii, 95.0, 78.45, 0.41; GCF_000814025.1, s__Tateyamaria sp000814025, 95.0, 78.26, 0.41	97.92	11	N/A	N/A
5mSIPHEX1-concot_13	d__Bacteria;p__Proteobacteria;c__Alphaproteobacteria;o__Rhodobacterales;f__Rhodobacteraceae;g__Lentibacter;s__Lentibacter algarum	GCF_900107355.1	95.0	d__Bacteria;p__Proteobacteria;c__Alphaproteobacteria;o__Rhodobacterales;f__Rhodobacteraceae;g__Lentibacter;s__Lentibacter algarum	99.84	0.99	GCF_900107355.1	d__Bacteria;p__Proteobacteria;c__Alphaproteobacteria;o__Rhodobacterales;f__Rhodobacteraceae;g__Lentibacter;s__Lentibacter algarum	99.84	0.99	d__Bacteria;p__Proteobacteria;c__Alphaproteobacteria;o__Rhodobacterales;f__Rhodobacteraceae;g__;s__	ANI/Placement	topological placement and ANI have congruent species assignments	N/A	98.59	11	N/A	N/A
5mSIPHEX1-metabat_33	d__Bacteria;p__Proteobacteria;c__Alphaproteobacteria;o__Caulobacterales;f__Hyphomonadaceae;g__Hyphomonas;s__Hyphomonas sp000682775	GCF_000682775.1	95.0	d__Bacteria;p__Proteobacteria;c__Alphaproteobacteria;o__Caulobacterales;f__Hyphomonadaceae;g__Hyphomonas;s__Hyphomonas sp000682775	95.7	0.86	GCF_000682775.1	d__Bacteria;p__Proteobacteria;c__Alphaproteobacteria;o__Caulobacterales;f__Hyphomonadaceae;g__Hyphomonas;s__Hyphomonas sp000682775	95.7	0.86	d__Bacteria;p__Proteobacteria;c__Alphaproteobacteria;o__Caulobacterales;f__Hyphomonadaceae;g__Hyphomonas;s__	ANI/Placement	topological placement and ANI have congruent species assignments	GCA_002414505.1, s__Hyphomonas sp002414505, 95.0, 85.8, 0.62; GCF_000682715.1, s__Hyphomonas atlantica, 95.0, 81.95, 0.65; GCF_000682675.1, s__Hyphomonas sp000682675, 95.0, 79.98, 0.52; GCA_002695785.1, s__Hyphomonas sp002695785, 95.0, 79.81, 0.49; GCF_000682755.1, s__Hyphomonas beringensis, 95.0, 79.71, 0.52; GCF_000682735.1, s__Hyphomonas sp000682735, 95.0, 78.79, 0.4; GCA_000961695.1, s__Hyphomonas sp000961695, 95.0, 78.67, 0.37; GCF_000685235.1, s__Hyphomonas adhaerens, 95.0, 78.61, 0.38; GCF_000682695.1, s__Hyphomonas chukchiensis, 95.0, 78.56, 0.4; GCA_002700305.1, s__Hyphomonas sp002700305, 95.0, 78.53, 0.39; GCA_000961795.1, s__Hyphomonas sp000961795, 95.0, 78.43, 0.33; GCF_000685215.1, s__Hyphomonas jannaschiana, 95.0, 78.42, 0.39; GCF_000685295.1, s__Hyphomonas oceanitis, 95.0, 78.36, 0.35; GCF_000685275.1, s__Hyphomonas johnsonii, 95.0, 78.06, 0.35; GCF_000685315.1, s__Hyphomonas polymorpha, 95.0, 77.68, 0.25; GCA_002841155.1, s__Hyphomonas sp002841155, 95.0, 77.4, 0.25; GCF_000013025.1, s__Hyphomonas neptunium, 95.0, 77.28, 0.24; GCA_001464545.1, s__Hyphomonas sp001464545, 95.0, 77.17, 0.23	69.5	11	N/A	N/A
700mSIPHEX2-metabat_24	d__Bacteria;p__Proteobacteria;c__Gammaproteobacteria;o__Pseudomonadales;f__Oleiphilaceae;g__Marinobacter;s__Marinobacter salarius	GCF_000831005.1	95.0	d__Bacteria;p__Proteobacteria;c__Gammaproteobacteria;o__Pseudomonadales;f__Oleiphilaceae;g__Marinobacter;s__Marinobacter salarius	98.87	0.95	GCF_000831005.1	d__Bacteria;p__Proteobacteria;c__Gammaproteobacteria;o__Pseudomonadales;f__Oleiphilaceae;g__Marinobacter;s__Marinobacter salarius	98.87	0.95	d__Bacteria;p__Proteobacteria;c__Gammaproteobacteria;o__Pseudomonadales;f__Oleiphilaceae;g__Marinobacter;s__	ANI/Placement	topological placement and ANI have congruent species assignments	GCF_000170835.1, s__Marinobacter algicola, 95.0, 92.68, 0.84; GCA_002732725.1, s__Marinobacter sp002732725, 95.0, 92.06, 0.41; GCA_002726615.1, s__Marinobacter sp002726615, 95.0, 91.93, 0.5; GCF_000686085.1, s__Marinobacter sp000686085, 95.0, 82.16, 0.6; GCF_000235625.1, s__Marinobacter manganoxydans, 96.59, 80.3, 0.42; GCF_001650915.1, s__Marinobacter sp001650915, 95.0, 80.19, 0.43; GCA_003030785.1, s__Marinobacter sp003030785, 95.0, 80.16, 0.29; GCF_001717765.1, s__Marinobacter adhaerens_A, 95.0, 80.02, 0.41; GCF_002933295.1, s__Marinobacter flavimaris, 96.67, 79.99, 0.41; GCF_900114155.1, s__Marinobacter persicus, 95.0, 79.89, 0.29; GCF_002258215.1, s__Marinobacter vinifirmus, 95.0, 79.89, 0.36; GCF_000166295.1, s__Marinobacter adhaerens, 96.67, 79.82, 0.41; GCF_900114925.1, s__Marinobacter pelagius, 95.0, 79.81, 0.4; GCF_900115175.1, s__Marinobacter gudaonensis, 95.0, 79.77, 0.42; GCF_002744735.1, s__Marinobacter guineae, 95.0, 79.75, 0.39; GCF_000397065.2, s__Marinobacter lipolyticus, 95.0, 79.75, 0.43; GCF_001447155.2, s__Marinobacter sp001447155, 95.0, 79.68, 0.41; GCF_001045555.1, s__Marinobacter subterrani, 95.0, 79.67, 0.42; GCF_002933275.1, s__Marinobacter sp002933275, 95.0, 79.64, 0.42; GCF_000830985.1, s__Marinobacter similis, 95.0, 79.64, 0.4; GCF_900188315.1, s__Marinobacter sp900188315, 95.85, 79.64, 0.39; GCF_002934325.1, s__Marinobacter persicus_A, 95.0, 79.61, 0.3; GCF_900111555.1, s__Marinobacter segnicrescens, 95.0, 79.53, 0.29; GCF_002744715.1, s__Marinobacter sp002744715, 95.0, 79.53, 0.38; GCF_900188435.1, s__Marinobacter sp900188435, 95.0, 79.51, 0.39; GCF_003007715.1, s__Marinobacter shengliensis, 95.0, 79.43, 0.38; GCF_000284615.1, s__Marinobacter hydrocarbonoclasticus, 95.0, 79.38, 0.36; GCF_002806975.1, s__Marinobacter aromaticivorans, 95.0, 79.35, 0.3; GCF_000347775.1, s__Marinobacter santoriniensis, 95.0, 79.3, 0.32; GCF_001854125.1, s__Marinobacter salinus, 95.0, 79.26, 0.32; GCF_003007675.1, s__Marinobacter sp003007675, 95.0, 78.94, 0.27; GCF_002407605.1, s__Marinobacter sp002407605, 95.0, 78.9, 0.24; GCF_000708045.1, s__Marinobacter nitratireducens, 95.0, 78.89, 0.31; GCF_000934705.1, s__Marinobacter excellens, 95.0, 78.87, 0.34; GCF_003007685.1, s__Marinobacter halophilus, 95.0, 78.87, 0.34; GCF_000421165.1, s__Marinobacter daepoensis, 95.0, 78.85, 0.3; GCF_900106945.1, s__Marinobacter mobilis, 95.0, 78.85, 0.26; GCF_900142385.1, s__Marinobacter antarcticus, 95.0, 78.79, 0.27; GCF_900114775.1, s__Marinobacter zhejiangensis, 95.0, 78.76, 0.25; GCA_002707215.1, s__Marinobacter sp002707215, 95.0, 78.57, 0.22; GCF_900215155.1, s__Marinobacter sp900215155, 95.0, 78.42, 0.22; GCF_001981305.1, s__Marinobacter lutaoensis, 95.0, 78.36, 0.32; GCF_002806945.1, s__Marinobacter salexigens, 95.0, 78.35, 0.26; GCF_900115285.1, s__Marinobacter daqiaonensis, 95.0, 78.29, 0.28; GCF_001858325.1, s__Marinobacter sp001858325, 95.0, 78.2, 0.26; GCF_002563885.1, s__Marinobacter sp002563885, 95.0, 77.94, 0.21; GCF_000169375.1, s__Marinobacter sp000169375, 95.0, 77.79, 0.23; GCF_001752365.1, s__Marinobacter sp001752365, 95.0, 77.76, 0.21	76.87	11	N/A	N/A
700mSIPHEX1-metabat_2	d__Bacteria;p__Proteobacteria;c__Gammaproteobacteria;o__Enterobacterales;f__Alteromonadaceae;g__Alteromonas;s__Alteromonas sp000753865	GCF_000753865.1	95.0	d__Bacteria;p__Proteobacteria;c__Gammaproteobacteria;o__Enterobacterales;f__Alteromonadaceae;g__Alteromonas;s__Alteromonas sp000753865	95.35	0.91	GCA_002691125.1	d__Bacteria;p__Proteobacteria;c__Gammaproteobacteria;o__Enterobacterales;f__Alteromonadaceae;g__Alteromonas;s__Alteromonas sp002691125	95.16	0.82	d__Bacteria;p__Proteobacteria;c__Gammaproteobacteria;o__Enterobacterales;f__Alteromonadaceae;g__Alteromonas;s__	ANI	topological placement and ANI have incongruent species assignments	GCF_002831605.1, s__Alteromonas sp002831605, 95.0, 82.41, 0.58; GCF_000597705.1, s__Alteromonas sp000597705, 95.0, 79.43, 0.34; GCF_002993325.1, s__Alteromonas gracilis, 95.0, 79.36, 0.32; GCF_000020585.3, s__Alteromonas mediterranea, 95.0, 79.33, 0.33; GCF_000172635.2, s__Alteromonas macleodii, 95.0, 79.19, 0.33; GCF_001953635.1, s__Alteromonas abrolhosensis, 95.0, 79.14, 0.33; GCF_000808575.1, s__Alteromonas marina, 95.0, 79.07, 0.34; GCF_001885075.1, s__Alteromonas sp001885075, 95.0, 78.99, 0.29; GCF_000213655.1, s__Alteromonas naphthalenivorans, 95.0, 78.98, 0.26; GCF_000730385.1, s__Alteromonas australica, 95.0, 78.96, 0.25; GCF_001562115.1, s__Alteromonas stellipolaris, 95.0, 78.76, 0.25	83.49	11	N/A	N/A
700mSIPHEX2-metabat_22	d__Bacteria;p__Proteobacteria;c__Gammaproteobacteria;o__Enterobacterales;f__Alteromonadaceae;g__Alteromonas;s__Alteromonas sp000753865	GCF_000753865.1	95.0	d__Bacteria;p__Proteobacteria;c__Gammaproteobacteria;o__Enterobacterales;f__Alteromonadaceae;g__Alteromonas;s__Alteromonas sp000753865	95.41	0.9	GCA_002691125.1	d__Bacteria;p__Proteobacteria;c__Gammaproteobacteria;o__Enterobacterales;f__Alteromonadaceae;g__Alteromonas;s__Alteromonas sp002691125	95.14	0.82	d__Bacteria;p__Proteobacteria;c__Gammaproteobacteria;o__Enterobacterales;f__Alteromonadaceae;g__Alteromonas;s__	ANI	topological placement and ANI have incongruent species assignments	GCF_002831605.1, s__Alteromonas sp002831605, 95.0, 82.57, 0.58; GCF_000597705.1, s__Alteromonas sp000597705, 95.0, 79.53, 0.33; GCF_002993325.1, s__Alteromonas gracilis, 95.0, 79.51, 0.32; GCF_000020585.3, s__Alteromonas mediterranea, 95.0, 79.34, 0.34; GCF_000172635.2, s__Alteromonas macleodii, 95.0, 79.32, 0.33; GCF_001953635.1, s__Alteromonas abrolhosensis, 95.0, 79.27, 0.33; GCF_000808575.1, s__Alteromonas marina, 95.0, 79.19, 0.34; GCF_000730385.1, s__Alteromonas australica, 95.0, 79.17, 0.25; GCF_001885075.1, s__Alteromonas sp001885075, 95.0, 79.03, 0.3; GCF_000213655.1, s__Alteromonas naphthalenivorans, 95.0, 78.92, 0.26; GCF_001562115.1, s__Alteromonas stellipolaris, 95.0, 78.78, 0.26	88.69	11	N/A	N/A
5mSIPHEX1-metabat_19	d__Bacteria;p__Proteobacteria;c__Gammaproteobacteria;o__Pseudomonadales;f__Saccharospirillaceae;g__Thalassolituus;s__Thalassolituus oleivorans	GCF_000355675.1	95.0	d__Bacteria;p__Proteobacteria;c__Gammaproteobacteria;o__Pseudomonadales;f__Saccharospirillaceae;g__Thalassolituus;s__Thalassolituus oleivorans	98.43	0.93	GCF_000355675.1	d__Bacteria;p__Proteobacteria;c__Gammaproteobacteria;o__Pseudomonadales;f__Saccharospirillaceae;g__Thalassolituus;s__Thalassolituus oleivorans	98.43	0.93	d__Bacteria;p__Proteobacteria;c__Gammaproteobacteria;o__Pseudomonadales;f__Saccharospirillaceae;g__;s__	ANI/Placement	topological placement and ANI have congruent species assignments	N/A	81.59	11	N/A	N/A
700mSIPHEX1-metabat_3	d__Bacteria;p__Proteobacteria;c__Gammaproteobacteria;o__Pseudomonadales;f__Oleiphilaceae;g__Marinobacter;s__Marinobacter salarius	GCF_000831005.1	95.0	d__Bacteria;p__Proteobacteria;c__Gammaproteobacteria;o__Pseudomonadales;f__Oleiphilaceae;g__Marinobacter;s__Marinobacter salarius	98.74	0.95	GCF_000831005.1	d__Bacteria;p__Proteobacteria;c__Gammaproteobacteria;o__Pseudomonadales;f__Oleiphilaceae;g__Marinobacter;s__Marinobacter salarius	98.74	0.95	d__Bacteria;p__Proteobacteria;c__Gammaproteobacteria;o__Pseudomonadales;f__Oleiphilaceae;g__Marinobacter;s__	ANI/Placement	topological placement and ANI have congruent species assignments	GCA_002732725.1, s__Marinobacter sp002732725, 95.0, 92.8, 0.84; GCF_000170835.1, s__Marinobacter algicola, 95.0, 92.64, 0.84; GCA_002726615.1, s__Marinobacter sp002726615, 95.0, 92.07, 0.81; GCF_000686085.1, s__Marinobacter sp000686085, 95.0, 82.24, 0.59; GCA_003030785.1, s__Marinobacter sp003030785, 95.0, 80.27, 0.4; GCF_000235625.1, s__Marinobacter manganoxydans, 96.59, 80.15, 0.42; GCF_001650915.1, s__Marinobacter sp001650915, 95.0, 80.12, 0.44; GCF_001717765.1, s__Marinobacter adhaerens_A, 95.0, 80.04, 0.42; GCF_002933295.1, s__Marinobacter flavimaris, 96.67, 79.99, 0.41; GCF_900114925.1, s__Marinobacter pelagius, 95.0, 79.94, 0.43; GCF_000397065.2, s__Marinobacter lipolyticus, 95.0, 79.93, 0.46; GCF_002744735.1, s__Marinobacter guineae, 95.0, 79.85, 0.39; GCF_001447155.2, s__Marinobacter sp001447155, 95.0, 79.84, 0.38; GCF_900115175.1, s__Marinobacter gudaonensis, 95.0, 79.78, 0.46; GCF_002258215.1, s__Marinobacter vinifirmus, 95.0, 79.78, 0.43; GCF_001045555.1, s__Marinobacter subterrani, 95.0, 79.74, 0.43; GCF_000166295.1, s__Marinobacter adhaerens, 96.67, 79.72, 0.41; GCF_002933275.1, s__Marinobacter sp002933275, 95.0, 79.72, 0.42; GCF_000830985.1, s__Marinobacter similis, 95.0, 79.68, 0.41; GCF_900188315.1, s__Marinobacter sp900188315, 95.85, 79.62, 0.4; GCF_900188435.1, s__Marinobacter sp900188435, 95.0, 79.61, 0.39; GCF_002934325.1, s__Marinobacter persicus_A, 95.0, 79.58, 0.35; GCF_002744715.1, s__Marinobacter sp002744715, 95.0, 79.44, 0.4; GCF_900114155.1, s__Marinobacter persicus, 95.0, 79.44, 0.39; GCF_003007715.1, s__Marinobacter shengliensis, 95.0, 79.36, 0.38; GCF_000347775.1, s__Marinobacter santoriniensis, 95.0, 79.3, 0.35; GCF_000284615.1, s__Marinobacter hydrocarbonoclasticus, 95.0, 79.26, 0.38; GCF_001854125.1, s__Marinobacter salinus, 95.0, 79.22, 0.35; GCF_900111555.1, s__Marinobacter segnicrescens, 95.0, 79.22, 0.28; GCF_002806975.1, s__Marinobacter aromaticivorans, 95.0, 79.07, 0.3; GCF_003007675.1, s__Marinobacter sp003007675, 95.0, 78.96, 0.31; GCF_000708045.1, s__Marinobacter nitratireducens, 95.0, 78.96, 0.35; GCF_003007685.1, s__Marinobacter halophilus, 95.0, 78.91, 0.34; GCF_000934705.1, s__Marinobacter excellens, 95.0, 78.77, 0.33; GCF_900142385.1, s__Marinobacter antarcticus, 95.0, 78.72, 0.31; GCA_002707215.1, s__Marinobacter sp002707215, 95.0, 78.68, 0.4; GCF_000421165.1, s__Marinobacter daepoensis, 95.0, 78.67, 0.31; GCF_900106945.1, s__Marinobacter mobilis, 95.0, 78.64, 0.29; GCF_900114775.1, s__Marinobacter zhejiangensis, 95.0, 78.54, 0.28; GCF_002407605.1, s__Marinobacter sp002407605, 95.0, 78.51, 0.23; GCF_001981305.1, s__Marinobacter lutaoensis, 95.0, 78.42, 0.39; GCF_900115285.1, s__Marinobacter daqiaonensis, 95.0, 78.36, 0.29; GCF_002806945.1, s__Marinobacter salexigens, 95.0, 78.31, 0.28; GCF_000372805.1, s__Marinobacter lipolyticus_A, 95.0, 78.16, 0.22; GCF_001858325.1, s__Marinobacter sp001858325, 95.0, 78.11, 0.26; GCF_900215155.1, s__Marinobacter sp900215155, 95.0, 78.05, 0.22; GCF_002563885.1, s__Marinobacter sp002563885, 95.0, 77.8, 0.2; GCF_000169375.1, s__Marinobacter sp000169375, 95.0, 77.79, 0.22; GCF_001752365.1, s__Marinobacter sp001752365, 95.0, 77.64, 0.24	99.21	11	N/A	N/A
700mSIPHEX2-concot_14	d__Bacteria;p__Bacteroidota;c__Bacteroidia;o__Flavobacteriales;f__Flavobacteriaceae;g__Olleya;s__Olleya sp002323495	GCA_002323495.1	95.0	d__Bacteria;p__Bacteroidota;c__Bacteroidia;o__Flavobacteriales;f__Flavobacteriaceae;g__Olleya;s__Olleya sp002323495	96.77	0.91	GCA_002323495.1	d__Bacteria;p__Bacteroidota;c__Bacteroidia;o__Flavobacteriales;f__Flavobacteriaceae;g__Olleya;s__Olleya sp002323495	96.77	0.91	d__Bacteria;p__Bacteroidota;c__Bacteroidia;o__Flavobacteriales;f__Flavobacteriaceae;g__Olleya;s__	ANI/Placement	topological placement and ANI have congruent species assignments	GCF_000518485.1, s__Olleya marilimosa, 95.0, 91.38, 0.9; GCF_900114005.1, s__Olleya namhaensis, 95.0, 83.78, 0.7; GCF_000518525.1, s__Olleya sp000518525, 95.0, 82.93, 0.68; GCF_002831645.1, s__Olleya sp002831645, 95.0, 82.5, 0.66; GCF_003259525.1, s__Olleya aquimaris, 95.0, 81.01, 0.66	98.47	11	N/A	N/A
5mSIPHEX1-concot_10	d__Bacteria;p__Proteobacteria;c__Gammaproteobacteria;o__Pseudomonadales;f__Oleiphilaceae;g__Marinobacter;s__Marinobacter salarius	GCF_000831005.1	95.0	d__Bacteria;p__Proteobacteria;c__Gammaproteobacteria;o__Pseudomonadales;f__Oleiphilaceae;g__Marinobacter;s__Marinobacter salarius	98.74	0.93	GCF_000831005.1	d__Bacteria;p__Proteobacteria;c__Gammaproteobacteria;o__Pseudomonadales;f__Oleiphilaceae;g__Marinobacter;s__Marinobacter salarius	98.74	0.93	d__Bacteria;p__Proteobacteria;c__Gammaproteobacteria;o__Pseudomonadales;f__Oleiphilaceae;g__Marinobacter;s__	ANI/Placement	topological placement and ANI have congruent species assignments	GCA_002732725.1, s__Marinobacter sp002732725, 95.0, 92.77, 0.84; GCF_000170835.1, s__Marinobacter algicola, 95.0, 92.68, 0.83; GCA_002726615.1, s__Marinobacter sp002726615, 95.0, 92.07, 0.81; GCF_000686085.1, s__Marinobacter sp000686085, 95.0, 82.19, 0.59; GCF_000235625.1, s__Marinobacter manganoxydans, 96.59, 80.27, 0.4; GCA_003030785.1, s__Marinobacter sp003030785, 95.0, 80.27, 0.4; GCF_001650915.1, s__Marinobacter sp001650915, 95.0, 80.12, 0.43; GCF_001717765.1, s__Marinobacter adhaerens_A, 95.0, 80.1, 0.42; GCF_002933295.1, s__Marinobacter flavimaris, 96.67, 79.94, 0.41; GCF_900114925.1, s__Marinobacter pelagius, 95.0, 79.9, 0.43; GCF_002744735.1, s__Marinobacter guineae, 95.0, 79.85, 0.39; GCF_000397065.2, s__Marinobacter lipolyticus, 95.0, 79.84, 0.46; GCF_000166295.1, s__Marinobacter adhaerens, 96.67, 79.82, 0.41; GCF_900115175.1, s__Marinobacter gudaonensis, 95.0, 79.78, 0.46; GCF_900188435.1, s__Marinobacter sp900188435, 95.0, 79.76, 0.39; GCF_001045555.1, s__Marinobacter subterrani, 95.0, 79.74, 0.43; GCF_002933275.1, s__Marinobacter sp002933275, 95.0, 79.73, 0.42; GCF_001447155.2, s__Marinobacter sp001447155, 95.0, 79.71, 0.38; GCF_002258215.1, s__Marinobacter vinifirmus, 95.0, 79.71, 0.42; GCF_000830985.1, s__Marinobacter similis, 95.0, 79.64, 0.41; GCF_900188315.1, s__Marinobacter sp900188315, 95.85, 79.58, 0.4; GCF_900114155.1, s__Marinobacter persicus, 95.0, 79.54, 0.39; GCF_002934325.1, s__Marinobacter persicus_A, 95.0, 79.51, 0.35; GCF_002744715.1, s__Marinobacter sp002744715, 95.0, 79.47, 0.4; GCF_003007715.1, s__Marinobacter shengliensis, 95.0, 79.39, 0.38; GCF_001854125.1, s__Marinobacter salinus, 95.0, 79.31, 0.35; GCF_000284615.1, s__Marinobacter hydrocarbonoclasticus, 95.0, 79.31, 0.38; GCF_900111555.1, s__Marinobacter segnicrescens, 95.0, 79.16, 0.29; GCF_000347775.1, s__Marinobacter santoriniensis, 95.0, 79.1, 0.35; GCF_000708045.1, s__Marinobacter nitratireducens, 95.0, 79.05, 0.35; GCF_002806975.1, s__Marinobacter aromaticivorans, 95.0, 79.0, 0.3; GCF_003007685.1, s__Marinobacter halophilus, 95.0, 78.93, 0.34; GCF_003007675.1, s__Marinobacter sp003007675, 95.0, 78.92, 0.31; GCF_900106945.1, s__Marinobacter mobilis, 95.0, 78.76, 0.28; GCF_000934705.1, s__Marinobacter excellens, 95.0, 78.74, 0.32; GCA_002707215.1, s__Marinobacter sp002707215, 95.0, 78.71, 0.4; GCF_000421165.1, s__Marinobacter daepoensis, 95.0, 78.7, 0.3; GCF_900114775.1, s__Marinobacter zhejiangensis, 95.0, 78.67, 0.28; GCF_900142385.1, s__Marinobacter antarcticus, 95.0, 78.64, 0.31; GCF_002407605.1, s__Marinobacter sp002407605, 95.0, 78.51, 0.23; GCF_001981305.1, s__Marinobacter lutaoensis, 95.0, 78.45, 0.38; GCF_900115285.1, s__Marinobacter daqiaonensis, 95.0, 78.32, 0.29; GCF_000372805.1, s__Marinobacter lipolyticus_A, 95.0, 78.21, 0.23; GCF_002806945.1, s__Marinobacter salexigens, 95.0, 78.2, 0.28; GCF_001858325.1, s__Marinobacter sp001858325, 95.0, 78.19, 0.27; GCF_900215155.1, s__Marinobacter sp900215155, 95.0, 78.02, 0.22; GCF_000169375.1, s__Marinobacter sp000169375, 95.0, 77.92, 0.21; GCF_001752365.1, s__Marinobacter sp001752365, 95.0, 77.58, 0.24	99.21	11	N/A	N/A
5mSIPHEX1-metabat_1	d__Bacteria;p__Proteobacteria;c__Alphaproteobacteria;o__Rhodobacterales;f__Rhodobacteraceae;g__Planktomarina;s__Planktomarina temperata	GCF_000738435.1	95.0	d__Bacteria;p__Proteobacteria;c__Alphaproteobacteria;o__Rhodobacterales;f__Rhodobacteraceae;g__Planktomarina;s__Planktomarina temperata	99.09	0.98	GCF_000738435.1	d__Bacteria;p__Proteobacteria;c__Alphaproteobacteria;o__Rhodobacterales;f__Rhodobacteraceae;g__Planktomarina;s__Planktomarina temperata	99.09	0.98	d__Bacteria;p__Proteobacteria;c__Alphaproteobacteria;o__Rhodobacterales;f__Rhodobacteraceae;g__Planktomarina;s__	ANI/Placement	topological placement and ANI have congruent species assignments	GCA_002683685.1, s__Planktomarina sp002683685, 95.0, 87.09, 0.72	79.13	11	N/A	N/A
5mSIPHEX2-concot_14	d__Bacteria;p__Proteobacteria;c__Gammaproteobacteria;o__Pseudomonadales;f__Oleiphilaceae;g__Marinobacter;s__Marinobacter salarius	GCF_000831005.1	95.0	d__Bacteria;p__Proteobacteria;c__Gammaproteobacteria;o__Pseudomonadales;f__Oleiphilaceae;g__Marinobacter;s__Marinobacter salarius	98.73	0.86	GCF_000831005.1	d__Bacteria;p__Proteobacteria;c__Gammaproteobacteria;o__Pseudomonadales;f__Oleiphilaceae;g__Marinobacter;s__Marinobacter salarius	98.73	0.86	d__Bacteria;p__Proteobacteria;c__Gammaproteobacteria;o__Pseudomonadales;f__Oleiphilaceae;g__Marinobacter;s__	ANI/Placement	topological placement and ANI have congruent species assignments	GCA_002732725.1, s__Marinobacter sp002732725, 95.0, 92.7, 0.84; GCF_000170835.1, s__Marinobacter algicola, 95.0, 92.6, 0.83; GCA_002726615.1, s__Marinobacter sp002726615, 95.0, 92.04, 0.8; GCF_000686085.1, s__Marinobacter sp000686085, 95.0, 82.26, 0.58; GCF_000235625.1, s__Marinobacter manganoxydans, 96.59, 80.4, 0.4; GCA_003030785.1, s__Marinobacter sp003030785, 95.0, 80.29, 0.41; GCF_001717765.1, s__Marinobacter adhaerens_A, 95.0, 80.09, 0.42; GCF_001650915.1, s__Marinobacter sp001650915, 95.0, 80.07, 0.4; GCF_002933295.1, s__Marinobacter flavimaris, 96.67, 80.01, 0.41; GCF_000397065.2, s__Marinobacter lipolyticus, 95.0, 79.88, 0.45; GCF_000166295.1, s__Marinobacter adhaerens, 96.67, 79.88, 0.38; GCF_900114925.1, s__Marinobacter pelagius, 95.0, 79.84, 0.43; GCF_002744735.1, s__Marinobacter guineae, 95.0, 79.79, 0.38; GCF_002933275.1, s__Marinobacter sp002933275, 95.0, 79.79, 0.41; GCF_001447155.2, s__Marinobacter sp001447155, 95.0, 79.78, 0.37; GCF_900115175.1, s__Marinobacter gudaonensis, 95.0, 79.72, 0.47; GCF_002258215.1, s__Marinobacter vinifirmus, 95.0, 79.72, 0.43; GCF_900114155.1, s__Marinobacter persicus, 95.0, 79.71, 0.39; GCF_900188435.1, s__Marinobacter sp900188435, 95.0, 79.7, 0.39; GCF_001045555.1, s__Marinobacter subterrani, 95.0, 79.7, 0.43; GCF_900188315.1, s__Marinobacter sp900188315, 95.85, 79.66, 0.4; GCF_002934325.1, s__Marinobacter persicus_A, 95.0, 79.63, 0.36; GCF_000830985.1, s__Marinobacter similis, 95.0, 79.63, 0.42; GCF_002744715.1, s__Marinobacter sp002744715, 95.0, 79.46, 0.41; GCF_003007715.1, s__Marinobacter shengliensis, 95.0, 79.36, 0.39; GCF_000284615.1, s__Marinobacter hydrocarbonoclasticus, 95.0, 79.36, 0.38; GCF_001854125.1, s__Marinobacter salinus, 95.0, 79.31, 0.35; GCF_900111555.1, s__Marinobacter segnicrescens, 95.0, 79.27, 0.28; GCF_002806975.1, s__Marinobacter aromaticivorans, 95.0, 79.06, 0.3; GCF_000347775.1, s__Marinobacter santoriniensis, 95.0, 79.01, 0.36; GCF_003007685.1, s__Marinobacter halophilus, 95.0, 78.92, 0.34; GCF_003007675.1, s__Marinobacter sp003007675, 95.0, 78.89, 0.31; GCF_000708045.1, s__Marinobacter nitratireducens, 95.0, 78.88, 0.35; GCF_000934705.1, s__Marinobacter excellens, 95.0, 78.73, 0.33; GCF_000421165.1, s__Marinobacter daepoensis, 95.0, 78.69, 0.3; GCF_900114775.1, s__Marinobacter zhejiangensis, 95.0, 78.68, 0.28; GCA_002707215.1, s__Marinobacter sp002707215, 95.0, 78.65, 0.41; GCF_900142385.1, s__Marinobacter antarcticus, 95.0, 78.64, 0.31; GCF_900106945.1, s__Marinobacter mobilis, 95.0, 78.6, 0.29; GCF_002407605.1, s__Marinobacter sp002407605, 95.0, 78.49, 0.23; GCF_001981305.1, s__Marinobacter lutaoensis, 95.0, 78.45, 0.39; GCF_900115285.1, s__Marinobacter daqiaonensis, 95.0, 78.28, 0.29; GCF_000372805.1, s__Marinobacter lipolyticus_A, 95.0, 78.21, 0.23; GCF_001858325.1, s__Marinobacter sp001858325, 95.0, 78.17, 0.27; GCF_002806945.1, s__Marinobacter salexigens, 95.0, 78.16, 0.28; GCF_900215155.1, s__Marinobacter sp900215155, 95.0, 78.0, 0.21; GCF_001752365.1, s__Marinobacter sp001752365, 95.0, 77.56, 0.25	99.23	11	N/A	N/A
700mSIPHEX1-concot_17	d__Bacteria;p__Bacteroidota;c__Bacteroidia;o__Flavobacteriales;f__Flavobacteriaceae;g__Olleya;s__Olleya sp002323495	GCA_002323495.1	95.0	d__Bacteria;p__Bacteroidota;c__Bacteroidia;o__Flavobacteriales;f__Flavobacteriaceae;g__Olleya;s__Olleya sp002323495	96.78	0.91	GCA_002323495.1	d__Bacteria;p__Bacteroidota;c__Bacteroidia;o__Flavobacteriales;f__Flavobacteriaceae;g__Olleya;s__Olleya sp002323495	96.78	0.91	d__Bacteria;p__Bacteroidota;c__Bacteroidia;o__Flavobacteriales;f__Flavobacteriaceae;g__Olleya;s__	ANI/Placement	topological placement and ANI have congruent species assignments	GCF_000518485.1, s__Olleya marilimosa, 95.0, 91.39, 0.89; GCF_900114005.1, s__Olleya namhaensis, 95.0, 83.76, 0.7; GCF_000518525.1, s__Olleya sp000518525, 95.0, 82.94, 0.68; GCF_002831645.1, s__Olleya sp002831645, 95.0, 82.52, 0.67; GCF_003259525.1, s__Olleya aquimaris, 95.0, 80.99, 0.67	98.47	11	N/A	N/A
5mSIPHEX2-metabat_5	d__Bacteria;p__Proteobacteria;c__Gammaproteobacteria;o__Pseudomonadales;f__Saccharospirillaceae;g__Thalassolituus;s__Thalassolituus oleivorans	GCF_000355675.1	95.0	d__Bacteria;p__Proteobacteria;c__Gammaproteobacteria;o__Pseudomonadales;f__Saccharospirillaceae;g__Thalassolituus;s__Thalassolituus oleivorans	98.51	0.92	GCF_000355675.1	d__Bacteria;p__Proteobacteria;c__Gammaproteobacteria;o__Pseudomonadales;f__Saccharospirillaceae;g__Thalassolituus;s__Thalassolituus oleivorans	98.51	0.92	d__Bacteria;p__Proteobacteria;c__Gammaproteobacteria;o__Pseudomonadales;f__Saccharospirillaceae;g__;s__	ANI/Placement	topological placement and ANI have congruent species assignments	N/A	90.42	11	N/A	N/A
5mSIPHEX2-concot_7	d__Bacteria;p__Proteobacteria;c__Alphaproteobacteria;o__Rhodobacterales;f__Rhodobacteraceae;g__Lentibacter;s__Lentibacter algarum	GCF_900107355.1	95.0	d__Bacteria;p__Proteobacteria;c__Alphaproteobacteria;o__Rhodobacterales;f__Rhodobacteraceae;g__Lentibacter;s__Lentibacter algarum	99.78	0.98	GCF_900107355.1	d__Bacteria;p__Proteobacteria;c__Alphaproteobacteria;o__Rhodobacterales;f__Rhodobacteraceae;g__Lentibacter;s__Lentibacter algarum	99.78	0.98	d__Bacteria;p__Proteobacteria;c__Alphaproteobacteria;o__Rhodobacterales;f__Rhodobacteraceae;g__;s__	ANI/Placement	topological placement and ANI have congruent species assignments	N/A	98.59	11	N/A	N/A
700mSIPHEX1-concot_0	d__Bacteria;p__Proteobacteria;c__Alphaproteobacteria;o__Rhodobacterales;f__Rhodobacteraceae;g__Sulfitobacter;s__Sulfitobacter sp001634775	GCF_001634775.1	95.0	d__Bacteria;p__Proteobacteria;c__Alphaproteobacteria;o__Rhodobacterales;f__Rhodobacteraceae;g__Sulfitobacter;s__Sulfitobacter sp001634775	96.36	0.87	GCF_001634775.1	d__Bacteria;p__Proteobacteria;c__Alphaproteobacteria;o__Rhodobacterales;f__Rhodobacteraceae;g__Sulfitobacter;s__Sulfitobacter sp001634775	96.36	0.87	d__Bacteria;p__Proteobacteria;c__Alphaproteobacteria;o__Rhodobacterales;f__Rhodobacteraceae;g__Sulfitobacter;s__	ANI/Placement	topological placement and ANI have congruent species assignments	GCF_900113435.1, s__Sulfitobacter dubius, 95.0, 89.74, 0.81; GCF_001635605.1, s__Sulfitobacter sp001635605, 95.0, 89.2, 0.8; GCF_000172095.1, s__Sulfitobacter indolifex, 95.0, 87.86, 0.81; GCF_900102535.1, s__Sulfitobacter delicatus, 95.0, 85.02, 0.76; GCF_900106935.1, s__Sulfitobacter pontiacus, 95.0, 79.69, 0.5; GCF_001650875.1, s__Sulfitobacter sp001650875, 95.0, 79.35, 0.53; GCF_900103185.1, s__Sulfitobacter litoralis, 95.0, 79.18, 0.45; GCF_900112755.1, s__Sulfitobacter brevis, 95.0, 78.67, 0.46; GCF_001634885.1, s__Sulfitobacter sp001634885, 95.0, 78.66, 0.44; GCF_001886735.1, s__Sulfitobacter sp001886735, 95.0, 78.6, 0.45; GCF_003054325.1, s__Sulfitobacter mediterraneus, 95.0, 78.42, 0.46; GCF_000156335.1, s__Sulfitobacter sp000156335, 95.0, 78.36, 0.41; GCF_000622325.1, s__Sulfitobacter geojensis, 95.0, 78.32, 0.38; GCF_000622365.1, s__Sulfitobacter noctilucae, 95.0, 77.85, 0.37; GCF_900116285.1, s__Sulfitobacter marinus, 95.0, 77.79, 0.33; GCF_000622385.1, s__Sulfitobacter noctilucicola, 95.0, 77.79, 0.3; GCA_002731875.1, s__Sulfitobacter sp002731875, 95.0, 77.67, 0.1; GCF_000622405.1, s__Sulfitobacter donghicola, 95.0, 77.62, 0.26	54.6	11	N/A	N/A
700mSIPHEX2-concot_9	d__Bacteria;p__Proteobacteria;c__Alphaproteobacteria;o__Rhodobacterales;f__Rhodobacteraceae;g__Paracoccus;s__Paracoccus sp000967825	GCF_000967825.1	95.0	d__Bacteria;p__Proteobacteria;c__Alphaproteobacteria;o__Rhodobacterales;f__Rhodobacteraceae;g__Paracoccus;s__Paracoccus sp000967825	97.73	0.98	GCF_000967825.1	d__Bacteria;p__Proteobacteria;c__Alphaproteobacteria;o__Rhodobacterales;f__Rhodobacteraceae;g__Paracoccus;s__Paracoccus sp000967825	97.73	0.98	d__Bacteria;p__Proteobacteria;c__Alphaproteobacteria;o__Rhodobacterales;f__Rhodobacteraceae;g__Paracoccus;s__	ANI/Placement	topological placement and ANI have congruent species assignments	GCF_000787695.1, s__Paracoccus sp000787695, 95.0, 91.8, 0.81; GCA_001724535.1, s__Paracoccus sp001724535, 95.0, 88.47, 0.8; GCF_001887735.1, s__Paracoccus sp001887735, 95.0, 84.29, 0.74; GCF_003255745.1, s__Paracoccus saliphilus_A, 95.0, 84.08, 0.72; GCF_000420145.1, s__Paracoccus zeaxanthinifaciens, 95.0, 83.76, 0.7; GCF_003056335.1, s__Paracoccus sp003056335, 95.0, 83.53, 0.74; GCF_900102505.1, s__Paracoccus tibetensis, 95.0, 82.79, 0.69; GCF_002901215.1, s__Paracoccus sp002901215, 95.0, 82.19, 0.64; GCF_900188295.1, s__Paracoccus sediminis, 95.0, 81.92, 0.62; GCF_900111675.1, s__Paracoccus homiensis, 95.0, 81.04, 0.59; GCA_002294185.1, s__Paracoccus sp002294185, 95.0, 81.02, 0.57; GCF_900110285.1, s__Paracoccus alcaliphilus, 95.0, 80.88, 0.57; GCF_000518925.1, s__Paracoccus sp000518925, 95.0, 80.71, 0.57; GCA_002732665.1, s__Paracoccus sp002732665, 95.0, 80.7, 0.54; GCA_003285265.1, s__Paracoccus mutanolyticus, 95.95, 80.7, 0.5; GCF_001546115.1, s__Paracoccus aminovorans_B, 95.0, 80.69, 0.58; GCF_002847445.1, s__Paracoccus zhejiangensis, 95.0, 80.69, 0.58; GCF_000622145.1, s__Paracoccus yeei, 95.95, 80.64, 0.56; GCA_003286075.1, s__Paracoccus sp003286075, 95.0, 80.54, 0.52; GCF_900115335.1, s__Paracoccus pantotrophus, 95.0, 80.52, 0.56; GCF_900005615.1, s__Paracoccus aminovorans, 95.0, 80.45, 0.54; GCF_001447385.1, s__Paracoccus sp001447385, 95.0, 80.45, 0.56; GCF_000763885.1, s__Paracoccus versutus, 95.0, 80.44, 0.57; GCF_003007735.1, s__Paracoccus marina, 95.0, 80.38, 0.54; GCF_900100045.1, s__Paracoccus denitrificans, 95.0, 80.24, 0.58; GCF_900102885.1, s__Paracoccus chinensis, 95.0, 80.1, 0.48; GCF_000763805.1, s__Paracoccus sphaerophysae, 95.0, 80.08, 0.49; GCF_002287065.1, s__Paracoccus sp002287065, 95.0, 79.98, 0.5; GCF_000763905.1, s__Paracoccus halophilus, 95.0, 79.9, 0.49; GCF_900142875.1, s__Paracoccus solventivorans, 95.0, 79.8, 0.46; GCF_900106665.1, s__Paracoccus sanguinis, 95.0, 79.61, 0.49; GCF_002105555.1, s__Paracoccus contaminans, 95.0, 79.59, 0.48; GCF_900156835.1, s__Paracoccus saliphilus, 95.0, 79.59, 0.51; GCF_002865605.1, s__Paracoccus sp002865605, 95.0, 79.52, 0.46; GCF_900108405.1, s__Paracoccus alkenifer, 95.0, 79.35, 0.44; GCF_900199195.1, s__Paracoccus seriniphilus, 95.0, 79.29, 0.48; GCF_900101865.1, s__Paracoccus isoporae, 95.0, 79.26, 0.45; GCF_002847305.1, s__Paracoccus sp002847305, 95.0, 78.97, 0.5; GCF_900177635.1, s__Paracoccus sp900177635, 95.0, 78.57, 0.38; GCA_003240735.1, s__Paracoccus denitrificans_A, 95.0, 78.56, 0.35; GCA_002359815.1, s__Paracoccus sp002359815, 95.0, 78.54, 0.36; GCF_000444995.1, s__Paracoccus aminophilus, 95.0, 78.37, 0.39	97.88	11	N/A	N/A
700mSIPHEX1-concot_12	d__Bacteria;p__Bacteroidota;c__Bacteroidia;o__Flavobacteriales;f__Flavobacteriaceae;g__Dokdonia;s__Dokdonia sp002712765	GCA_002712765.1	95.0	d__Bacteria;p__Bacteroidota;c__Bacteroidia;o__Flavobacteriales;f__Flavobacteriaceae;g__Dokdonia;s__Dokdonia sp002712765	99.15	0.93	GCA_002712765.1	d__Bacteria;p__Bacteroidota;c__Bacteroidia;o__Flavobacteriales;f__Flavobacteriaceae;g__Dokdonia;s__Dokdonia sp002712765	99.15	0.93	d__Bacteria;p__Bacteroidota;c__Bacteroidia;o__Flavobacteriales;f__Flavobacteriaceae;g__Dokdonia;s__	ANI/Placement	topological placement and ANI have congruent species assignments	N/A	97.6	11	N/A	N/A
5mSIPHEX1-metabat_11	d__Bacteria;p__Proteobacteria;c__Gammaproteobacteria;o__Pseudomonadales;f__Alcanivoracaceae;g__Alcanivorax;s__Alcanivorax jadensis	GCF_000756655.1	95.0	d__Bacteria;p__Proteobacteria;c__Gammaproteobacteria;o__Pseudomonadales;f__Alcanivoracaceae;g__Alcanivorax;s__Alcanivorax jadensis	97.89	0.93	GCF_000756655.1	d__Bacteria;p__Proteobacteria;c__Gammaproteobacteria;o__Pseudomonadales;f__Alcanivoracaceae;g__Alcanivorax;s__Alcanivorax jadensis	97.89	0.93	d__Bacteria;p__Proteobacteria;c__Gammaproteobacteria;o__Pseudomonadales;f__Alcanivoracaceae;g__Alcanivorax;s__	ANI/Placement	topological placement and ANI have congruent species assignments	GCF_900107995.1, s__Alcanivorax sp900107995, 95.0, 87.83, 0.88; GCF_000155615.1, s__Alcanivorax sp000155615, 95.0, 82.05, 0.71; GCA_002733835.1, s__Alcanivorax sp002733835, 95.0, 81.84, 0.66; GCA_002726155.1, s__Alcanivorax sp002726155, 95.0, 81.55, 0.64; GCF_000300995.1, s__Alcanivorax hongdengensis, 95.0, 81.43, 0.6; GCA_002706085.1, s__Alcanivorax sp002706085, 95.0, 80.88, 0.56; GCF_000756665.1, s__Alcanivorax nanhaiticus, 95.0, 80.73, 0.54; GCF_000475295.1, s__Alcanivorax sp000475295, 95.0, 80.63, 0.57; GCF_000009365.1, s__Alcanivorax borkumensis, 95.0, 80.08, 0.48; GCA_002354605.1, s__Alcanivorax sp002354605, 95.0, 79.53, 0.41; GCA_002337465.1, s__Alcanivorax sp002337465, 95.0, 79.43, 0.4; GCA_002313655.1, s__Alcanivorax sp002313655, 95.0, 79.28, 0.41; GCA_002389055.1, s__Alcanivorax sp002389055, 95.0, 78.87, 0.38; GCF_002864685.1, s__Alcanivorax mobilis, 95.0, 78.78, 0.33; GCF_900217905.1, s__Alcanivorax xenomutans, 95.0, 78.75, 0.34; GCF_000300005.1, s__Alcanivorax dieselolei, 95.0, 78.5, 0.36	98.89	11	N/A	N/A
700mSIPHEX2-concot_21	d__Bacteria;p__Proteobacteria;c__Gammaproteobacteria;o__Pseudomonadales;f__Saccharospirillaceae;g__Oleibacter;s__Oleibacter sp002733645	GCA_002733645.1	95.0	d__Bacteria;p__Proteobacteria;c__Gammaproteobacteria;o__Pseudomonadales;f__Saccharospirillaceae;g__Oleibacter;s__Oleibacter sp002733645	98.26	0.84	GCA_002733645.1	d__Bacteria;p__Proteobacteria;c__Gammaproteobacteria;o__Pseudomonadales;f__Saccharospirillaceae;g__Oleibacter;s__Oleibacter sp002733645	98.26	0.84	d__Bacteria;p__Proteobacteria;c__Gammaproteobacteria;o__Pseudomonadales;f__Saccharospirillaceae;g__Oleibacter;s__	ANI/Placement	topological placement and ANI have congruent species assignments	GCF_900156675.1, s__Oleibacter marinus, 95.0, 78.1, 0.21; GCA_002331105.1, s__Oleibacter sp002331105, 95.0, 78.02, 0.18	91.69	11	N/A	N/A
5mSIPHEX2-concot_16	d__Bacteria;p__Bacteroidota;c__Bacteroidia;o__Flavobacteriales;f__Flavobacteriaceae;g__Flavobacterium;s__	N/A	N/A	N/A	N/A	N/A	GCA_002862805.1	d__Bacteria;p__Bacteroidota;c__Bacteroidia;o__Flavobacteriales;f__Flavobacteriaceae;g__Flavobacterium;s__Flavobacterium sp002862805	86.34	0.78	d__Bacteria;p__Bacteroidota;c__Bacteroidia;o__Flavobacteriales;f__Flavobacteriaceae;g__Flavobacterium;s__	Placement	taxonomic classification fully defined by topology	GCF_900142055.1, s__Flavobacterium haoranii, 95.0, 79.42, 0.51; GCF_000967805.1, s__Flavobacterium sp000967805, 95.0, 79.28, 0.57; GCF_000422685.1, s__Flavobacterium gelidilacus, 95.0, 79.17, 0.54; GCF_000169355.1, s__Flavobacterium sp000169355, 95.0, 79.05, 0.51; GCF_003259835.1, s__Flavobacterium aquaticum, 95.0, 79.05, 0.48; GCA_003293845.1, s__Flavobacterium sp003293845, 95.0, 78.99, 0.47; GCF_000686885.1, s__Flavobacterium sasangense, 95.0, 78.92, 0.47; GCA_002483315.1, s__Flavobacterium sp002483315, 95.0, 78.91, 0.46; GCA_002715085.1, s__Flavobacterium sp002715085, 95.0, 78.9, 0.48; GCF_900148835.1, s__Flavobacterium cucumis, 95.0, 78.81, 0.44; GCA_002421645.1, s__Flavobacterium sp002421645, 95.0, 78.74, 0.33; GCA_003497625.1, s__Flavobacterium sp003497625, 95.0, 78.72, 0.48; GCF_900110615.1, s__Flavobacterium urocaniciphilum, 95.0, 78.69, 0.38; GCF_003148385.1, s__Flavobacterium sp003148385, 95.0, 78.49, 0.28; GCF_900108955.1, s__Flavobacterium terrigena, 95.0, 78.47, 0.43; GCA_002862755.1, s__Flavobacterium sp002862755, 95.0, 78.44, 0.5; GCA_002422095.1, s__Flavobacterium sp002422095, 95.0, 78.4, 0.38; GCF_000455605.1, s__Flavobacterium indicum, 95.0, 78.25, 0.38; GCA_001464475.1, s__Flavobacterium sp001464475, 95.0, 78.23, 0.35; GCA_003246205.1, s__Flavobacterium haoranii_A, 95.0, 78.2, 0.29; GCA_003525665.1, s__Flavobacterium sp003525665, 95.0, 78.19, 0.3; GCF_000737695.1, s__Flavobacterium hydatis, 95.0, 78.1, 0.26; GCF_900111965.1, s__Flavobacterium swingsii, 95.0, 78.09, 0.28; GCF_000757385.1, s__Flavobacterium aquatile, 95.0, 78.04, 0.34; GCF_900142035.1, s__Flavobacterium terrae, 95.0, 77.99, 0.29; GCA_001800945.1, s__Flavobacterium sp001800945, 95.0, 77.98, 0.26; GCF_000813005.1, s__Flavobacterium sp000813005, 95.0, 77.89, 0.28; GCF_000419685.1, s__Flavobacterium antarcticum, 95.0, 77.81, 0.24; GCF_002754315.1, s__Flavobacterium sp002754315, 95.0, 77.78, 0.12; GCF_000744835.1, s__Flavobacterium sp000744835, 95.0, 77.76, 0.26; GCF_002217405.1, s__Flavobacterium psychrophilum, 95.0, 77.66, 0.18; GCF_000812945.1, s__Flavobacterium sp000812945, 95.0, 77.66, 0.26; GCA_003096795.1, s__Flavobacterium sp003096795, 95.0, 77.6, 0.1; GCF_002204895.1, s__Flavobacterium columnare_C, 95.0, 77.6, 0.26; GCA_003242135.1, s__Flavobacterium sp003242135, 95.0, 77.57, 0.32; GCA_002737105.1, s__Flavobacterium sp002737105, 95.0, 77.57, 0.31; GCF_000425485.1, s__Flavobacterium tegetincola, 95.0, 77.55, 0.12; GCF_002150205.1, s__Flavobacterium sp002150205, 95.0, 77.54, 0.24; GCA_002352205.1, s__Flavobacterium sp002352205, 95.0, 77.49, 0.31; GCF_000422705.1, s__Flavobacterium soli, 95.0, 77.49, 0.24; GCF_002530675.1, s__Flavobacterium columnare, 95.0, 77.47, 0.16; GCF_000425465.1, s__Flavobacterium filum, 95.0, 77.45, 0.27; GCF_002917885.1, s__Flavobacterium croceum, 95.0, 77.4, 0.15; GCF_900142695.1, s__Flavobacterium xanthum, 95.0, 77.34, 0.12; GCA_003312425.1, s__Flavobacterium psychrolimnae, 95.0, 77.34, 0.24; GCA_003268815.1, s__Flavobacterium lacus, 95.0, 77.31, 0.26; GCF_900142885.1, s__Flavobacterium xinjiangense, 95.0, 77.28, 0.12; GCF_900290975.1, s__Flavobacterium columnare_D, 95.0, 77.26, 0.25; GCF_900108015.1, s__Flavobacterium urumqiense, 95.0, 77.25, 0.13; GCA_002428305.1, s__Flavobacterium sp002428305, 95.0, 77.04, 0.25	90.63	11	0.983243534442	N/A
5mSIPHEX1-metabat_26	d__Bacteria;p__Bacteroidota;c__Bacteroidia;o__Flavobacteriales;f__Flavobacteriaceae;g__Flavobacterium;s__	N/A	N/A	N/A	N/A	N/A	GCA_002862805.1	d__Bacteria;p__Bacteroidota;c__Bacteroidia;o__Flavobacteriales;f__Flavobacteriaceae;g__Flavobacterium;s__Flavobacterium sp002862805	86.17	0.84	d__Bacteria;p__Bacteroidota;c__Bacteroidia;o__Flavobacteriales;f__Flavobacteriaceae;g__Flavobacterium;s__	Placement	taxonomic classification fully defined by topology	GCF_000422685.1, s__Flavobacterium gelidilacus, 95.0, 79.27, 0.56; GCF_000967805.1, s__Flavobacterium sp000967805, 95.0, 79.25, 0.58; GCF_900142055.1, s__Flavobacterium haoranii, 95.0, 79.19, 0.52; GCA_003293845.1, s__Flavobacterium sp003293845, 95.0, 79.11, 0.46; GCF_000169355.1, s__Flavobacterium sp000169355, 95.0, 79.1, 0.52; GCA_003497625.1, s__Flavobacterium sp003497625, 95.0, 78.95, 0.5; GCF_003259835.1, s__Flavobacterium aquaticum, 95.0, 78.89, 0.5; GCA_002715085.1, s__Flavobacterium sp002715085, 95.0, 78.89, 0.49; GCA_002483315.1, s__Flavobacterium sp002483315, 95.0, 78.87, 0.48; GCF_900108955.1, s__Flavobacterium terrigena, 95.0, 78.61, 0.44; GCF_900148835.1, s__Flavobacterium cucumis, 95.0, 78.6, 0.47; GCF_000686885.1, s__Flavobacterium sasangense, 95.0, 78.56, 0.52; GCF_900110615.1, s__Flavobacterium urocaniciphilum, 95.0, 78.55, 0.44; GCA_002862755.1, s__Flavobacterium sp002862755, 95.0, 78.52, 0.5; GCA_002422095.1, s__Flavobacterium sp002422095, 95.0, 78.38, 0.4; GCA_001464475.1, s__Flavobacterium sp001464475, 95.0, 78.16, 0.38; GCF_000455605.1, s__Flavobacterium indicum, 95.0, 78.09, 0.41; GCA_002421645.1, s__Flavobacterium sp002421645, 95.0, 77.97, 0.26; GCF_000757385.1, s__Flavobacterium aquatile, 95.0, 77.92, 0.36; GCA_003242135.1, s__Flavobacterium sp003242135, 95.0, 77.9, 0.34; GCF_003148385.1, s__Flavobacterium sp003148385, 95.0, 77.89, 0.11; GCA_003525665.1, s__Flavobacterium sp003525665, 95.0, 77.68, 0.34; GCA_002352205.1, s__Flavobacterium sp002352205, 95.0, 77.42, 0.1	67.1	11	0.981218752418	N/A
5mSIPHEX1-concot_2	d__Bacteria;p__Proteobacteria;c__Gammaproteobacteria;o__Pseudomonadales;f__UBA7239;g__;s__	N/A	N/A	N/A	N/A	N/A	N/A	N/A	N/A	N/A	d__Bacteria;p__Proteobacteria;c__Gammaproteobacteria;o__Pseudomonadales;f__;g__;s__	Placement	taxonomic novelty determined using RED	N/A	99.03	11	0.776289044877	N/A
700mSIPHEX1-concot_20	d__Bacteria;p__Proteobacteria;c__Gammaproteobacteria;o__Pseudomonadales;f__Alcanivoracaceae;g__Alcanivorax;s__	N/A	N/A	N/A	N/A	N/A	N/A	N/A	N/A	N/A	d__Bacteria;p__Proteobacteria;c__Gammaproteobacteria;o__Pseudomonadales;f__Alcanivoracaceae;g__Alcanivorax;s__	Placement	taxonomic classification fully defined by topology	GCF_000155615.1, s__Alcanivorax sp000155615, 95.0, 89.1, 0.86; GCA_002726155.1, s__Alcanivorax sp002726155, 95.0, 88.24, 0.84; GCA_002733835.1, s__Alcanivorax sp002733835, 95.0, 88.02, 0.81; GCF_000009365.1, s__Alcanivorax borkumensis, 95.0, 82.76, 0.74; GCF_000756655.1, s__Alcanivorax jadensis, 95.0, 81.78, 0.63; GCF_900107995.1, s__Alcanivorax sp900107995, 95.0, 81.48, 0.61; GCA_002706085.1, s__Alcanivorax sp002706085, 95.0, 80.61, 0.52; GCF_000475295.1, s__Alcanivorax sp000475295, 95.0, 80.58, 0.54; GCF_000300995.1, s__Alcanivorax hongdengensis, 95.0, 80.53, 0.53; GCF_000756665.1, s__Alcanivorax nanhaiticus, 95.0, 80.47, 0.52; GCA_002354605.1, s__Alcanivorax sp002354605, 95.0, 78.69, 0.35; GCA_002337465.1, s__Alcanivorax sp002337465, 95.0, 78.39, 0.32; GCA_002313655.1, s__Alcanivorax sp002313655, 95.0, 78.39, 0.33; GCF_900217905.1, s__Alcanivorax xenomutans, 95.0, 78.37, 0.27; GCA_002389055.1, s__Alcanivorax sp002389055, 95.0, 78.27, 0.31; GCF_002864685.1, s__Alcanivorax mobilis, 95.0, 78.14, 0.28; GCF_000300005.1, s__Alcanivorax dieselolei, 95.0, 78.02, 0.29	99.27	11	0.99031807739	N/A
5mSIPHEX2-concot_18	d__Bacteria;p__Proteobacteria;c__Gammaproteobacteria;o__Pseudomonadales;f__Alcanivoracaceae;g__Alcanivorax;s__	N/A	N/A	N/A	N/A	N/A	GCF_000009365.1	d__Bacteria;p__Proteobacteria;c__Gammaproteobacteria;o__Pseudomonadales;f__Alcanivoracaceae;g__Alcanivorax;s__Alcanivorax borkumensis	92.9	0.82	d__Bacteria;p__Proteobacteria;c__Gammaproteobacteria;o__Pseudomonadales;f__Alcanivoracaceae;g__Alcanivorax;s__	Placement	taxonomic classification fully defined by topology	GCF_000155615.1, s__Alcanivorax sp000155615, 95.0, 83.77, 0.72; GCA_002726155.1, s__Alcanivorax sp002726155, 95.0, 83.36, 0.66; GCA_002733835.1, s__Alcanivorax sp002733835, 95.0, 83.19, 0.66; GCF_900107995.1, s__Alcanivorax sp900107995, 95.0, 80.69, 0.49; GCF_000756655.1, s__Alcanivorax jadensis, 95.0, 80.08, 0.48; GCF_000300995.1, s__Alcanivorax hongdengensis, 95.0, 79.82, 0.39; GCF_000756665.1, s__Alcanivorax nanhaiticus, 95.0, 79.77, 0.41; GCA_002706085.1, s__Alcanivorax sp002706085, 95.0, 79.47, 0.38; GCF_000475295.1, s__Alcanivorax sp000475295, 95.0, 79.39, 0.38; GCA_002354605.1, s__Alcanivorax sp002354605, 95.0, 78.06, 0.23	80.1	11	0.995542788057	N/A
5mSIPHEX1-concot_25_sub	d__Bacteria;p__Proteobacteria;c__Gammaproteobacteria;o__Pseudomonadales;f__Alcanivoracaceae;g__Alcanivorax;s__	N/A	N/A	N/A	N/A	N/A	GCF_000009365.1	d__Bacteria;p__Proteobacteria;c__Gammaproteobacteria;o__Pseudomonadales;f__Alcanivoracaceae;g__Alcanivorax;s__Alcanivorax borkumensis	93.01	0.88	d__Bacteria;p__Proteobacteria;c__Gammaproteobacteria;o__Pseudomonadales;f__Alcanivoracaceae;g__Alcanivorax;s__	Placement	taxonomic classification fully defined by topology	GCF_000155615.1, s__Alcanivorax sp000155615, 95.0, 83.7, 0.74; GCA_002733835.1, s__Alcanivorax sp002733835, 95.0, 83.44, 0.7; GCA_002726155.1, s__Alcanivorax sp002726155, 95.0, 83.23, 0.7; GCF_900107995.1, s__Alcanivorax sp900107995, 95.0, 80.76, 0.5; GCF_000300995.1, s__Alcanivorax hongdengensis, 95.0, 80.2, 0.43; GCF_000756655.1, s__Alcanivorax jadensis, 95.0, 80.15, 0.52; GCF_000756665.1, s__Alcanivorax nanhaiticus, 95.0, 80.02, 0.43; GCF_000475295.1, s__Alcanivorax sp000475295, 95.0, 79.56, 0.41; GCA_002706085.1, s__Alcanivorax sp002706085, 95.0, 79.5, 0.41; GCA_002354605.1, s__Alcanivorax sp002354605, 95.0, 78.07, 0.24; GCF_900217905.1, s__Alcanivorax xenomutans, 95.0, 77.77, 0.2; GCA_002313655.1, s__Alcanivorax sp002313655, 95.0, 77.53, 0.23; GCA_002337465.1, s__Alcanivorax sp002337465, 95.0, 77.42, 0.22; GCF_000300005.1, s__Alcanivorax dieselolei, 95.0, 77.34, 0.15	87.76	11	0.99527501005	N/A
5mSIPHEX1-metabat_9	d__Bacteria;p__Proteobacteria;c__Gammaproteobacteria;o__Enterobacterales;f__Alteromonadaceae;g__Glaciecola;s__	N/A	N/A	N/A	N/A	N/A	N/A	N/A	N/A	N/A	d__Bacteria;p__Proteobacteria;c__Gammaproteobacteria;o__Enterobacterales;f__Alteromonadaceae;g__Glaciecola;s__	Placement	taxonomic classification fully defined by topology	N/A	70.91	11	0.969064455747	N/A
700mSIPHEX1-metabat_18	d__Bacteria;p__Proteobacteria;c__Gammaproteobacteria;o__Enterobacterales;f__Alteromonadaceae;g__Glaciecola;s__	N/A	N/A	N/A	N/A	N/A	N/A	N/A	N/A	N/A	d__Bacteria;p__Proteobacteria;c__Gammaproteobacteria;o__Enterobacterales;f__Alteromonadaceae;g__Glaciecola;s__	Placement	taxonomic classification fully defined by topology	N/A	99.56	11	0.968938916831	N/A
700mSIPHEX2-metabat_16	d__Bacteria;p__Proteobacteria;c__Gammaproteobacteria;o__Enterobacterales;f__Alteromonadaceae;g__Glaciecola;s__	N/A	N/A	N/A	N/A	N/A	N/A	N/A	N/A	N/A	d__Bacteria;p__Proteobacteria;c__Gammaproteobacteria;o__Enterobacterales;f__Alteromonadaceae;g__Glaciecola;s__	Placement	taxonomic classification fully defined by topology	N/A	99.56	11	0.968938916831	N/A
5mSIPHEX2-concot_3	d__Bacteria;p__Proteobacteria;c__Alphaproteobacteria;o__Rhodobacterales;f__Rhodobacteraceae;g__Pseudophaeobacter;s__	N/A	N/A	N/A	N/A	N/A	GCF_000473205.1	d__Bacteria;p__Proteobacteria;c__Alphaproteobacteria;o__Rhodobacterales;f__Rhodobacteraceae;g__Pseudophaeobacter;s__Pseudophaeobacter arcticus	89.58	0.82	d__Bacteria;p__Proteobacteria;c__Alphaproteobacteria;o__Rhodobacterales;f__Rhodobacteraceae;g__Pseudophaeobacter;s__	Placement	taxonomic classification fully defined by topology	GCA_900313025.1, s__Pseudophaeobacter sp900313025, 95.0, 84.84, 0.76; GCF_000152965.1, s__Pseudophaeobacter sp000152965, 95.0, 83.75, 0.72; GCF_001294455.1, s__Pseudophaeobacter sp001294455, 95.0, 83.73, 0.73; GCF_002087335.1, s__Pseudophaeobacter leonis, 95.0, 82.16, 0.65; GCF_001457775.1, s__Pseudophaeobacter sp001457775, 95.0, 81.58, 0.63; GCF_000169455.1, s__Pseudophaeobacter sp000169455, 95.0, 79.47, 0.45; GCF_001678945.1, s__Pseudophaeobacter gallaeciensis, 95.0, 79.28, 0.52	87.96	11	0.997413615838	N/A
5mSIPHEX1-concot_37	d__Bacteria;p__Proteobacteria;c__Alphaproteobacteria;o__Rhodobacterales;f__Rhodobacteraceae;g__Pseudophaeobacter;s__	N/A	N/A	N/A	N/A	N/A	GCF_000473205.1	d__Bacteria;p__Proteobacteria;c__Alphaproteobacteria;o__Rhodobacterales;f__Rhodobacteraceae;g__Pseudophaeobacter;s__Pseudophaeobacter arcticus	89.65	0.82	d__Bacteria;p__Proteobacteria;c__Alphaproteobacteria;o__Rhodobacterales;f__Rhodobacteraceae;g__Pseudophaeobacter;s__	Placement	taxonomic classification fully defined by topology	GCA_900313025.1, s__Pseudophaeobacter sp900313025, 95.0, 84.89, 0.74; GCF_001294455.1, s__Pseudophaeobacter sp001294455, 95.0, 83.85, 0.72; GCF_000152965.1, s__Pseudophaeobacter sp000152965, 95.0, 83.83, 0.71; GCF_002087335.1, s__Pseudophaeobacter leonis, 95.0, 82.25, 0.64; GCF_001457775.1, s__Pseudophaeobacter sp001457775, 95.0, 81.72, 0.63; GCF_000169455.1, s__Pseudophaeobacter sp000169455, 95.0, 79.56, 0.44; GCF_001678945.1, s__Pseudophaeobacter gallaeciensis, 95.0, 79.32, 0.53	94.58	11	0.997338456529	N/A
700mSIPHEX1-metabat_8	d__Bacteria;p__Proteobacteria;c__Alphaproteobacteria;o__Rhodobacterales;f__Rhodobacteraceae;g__Pseudophaeobacter;s__	N/A	N/A	N/A	N/A	N/A	GCF_000473205.1	d__Bacteria;p__Proteobacteria;c__Alphaproteobacteria;o__Rhodobacterales;f__Rhodobacteraceae;g__Pseudophaeobacter;s__Pseudophaeobacter arcticus	89.66	0.87	d__Bacteria;p__Proteobacteria;c__Alphaproteobacteria;o__Rhodobacterales;f__Rhodobacteraceae;g__Pseudophaeobacter;s__	Placement	taxonomic classification fully defined by topology	GCA_900313025.1, s__Pseudophaeobacter sp900313025, 95.0, 84.94, 0.77; GCF_000152965.1, s__Pseudophaeobacter sp000152965, 95.0, 83.88, 0.74; GCF_001294455.1, s__Pseudophaeobacter sp001294455, 95.0, 83.85, 0.74; GCF_002087335.1, s__Pseudophaeobacter leonis, 95.0, 82.13, 0.67; GCF_001457775.1, s__Pseudophaeobacter sp001457775, 95.0, 81.71, 0.65; GCF_000169455.1, s__Pseudophaeobacter sp000169455, 95.0, 79.63, 0.47; GCF_001678945.1, s__Pseudophaeobacter gallaeciensis, 95.0, 79.41, 0.52	97.1	11	0.997193193903	N/A
700mSIPHEX2-metabat_13	d__Bacteria;p__Proteobacteria;c__Alphaproteobacteria;o__Rhodobacterales;f__Rhodobacteraceae;g__Pseudophaeobacter;s__	N/A	N/A	N/A	N/A	N/A	GCF_000473205.1	d__Bacteria;p__Proteobacteria;c__Alphaproteobacteria;o__Rhodobacterales;f__Rhodobacteraceae;g__Pseudophaeobacter;s__Pseudophaeobacter arcticus	89.64	0.87	d__Bacteria;p__Proteobacteria;c__Alphaproteobacteria;o__Rhodobacterales;f__Rhodobacteraceae;g__Pseudophaeobacter;s__	Placement	taxonomic classification fully defined by topology	GCA_900313025.1, s__Pseudophaeobacter sp900313025, 95.0, 84.97, 0.78; GCF_000152965.1, s__Pseudophaeobacter sp000152965, 95.0, 83.9, 0.75; GCF_001294455.1, s__Pseudophaeobacter sp001294455, 95.0, 83.87, 0.74; GCF_002087335.1, s__Pseudophaeobacter leonis, 95.0, 82.18, 0.67; GCF_001457775.1, s__Pseudophaeobacter sp001457775, 95.0, 81.64, 0.63; GCF_000169455.1, s__Pseudophaeobacter sp000169455, 95.0, 79.73, 0.47; GCF_001678945.1, s__Pseudophaeobacter gallaeciensis, 95.0, 79.43, 0.52	97.1	11	0.997193193903	N/A
5mSIPHEX1-concot_0	d__Bacteria;p__Proteobacteria;c__Alphaproteobacteria;o__Rhodobacterales;f__Rhodobacteraceae;g__Celeribacter_B;s__	N/A	N/A	N/A	N/A	N/A	GCF_002504165.1	d__Bacteria;p__Proteobacteria;c__Alphaproteobacteria;o__Rhodobacterales;f__Rhodobacteraceae;g__Celeribacter_B;s__Celeribacter_B manganoxidans	87.47	0.85	d__Bacteria;p__Proteobacteria;c__Alphaproteobacteria;o__Rhodobacterales;f__Rhodobacteraceae;g__;s__	Placement	taxonomic novelty determined using RED	N/A	98.95	11	0.992210489761	N/A
5mSIPHEX2-concot_10	d__Bacteria;p__Proteobacteria;c__Alphaproteobacteria;o__Rhodobacterales;f__Rhodobacteraceae;g__Celeribacter_B;s__	N/A	N/A	N/A	N/A	N/A	GCF_002504165.1	d__Bacteria;p__Proteobacteria;c__Alphaproteobacteria;o__Rhodobacterales;f__Rhodobacteraceae;g__Celeribacter_B;s__Celeribacter_B manganoxidans	87.29	0.85	d__Bacteria;p__Proteobacteria;c__Alphaproteobacteria;o__Rhodobacterales;f__Rhodobacteraceae;g__;s__	Placement	taxonomic novelty determined using RED	N/A	92.28	11	0.992067759596	N/A
5mSIPHEX1-metabat_32	d__Bacteria;p__Proteobacteria;c__Alphaproteobacteria;o__Caulobacterales;f__Hyphomonadaceae;g__Hyphomonas;s__	N/A	N/A	N/A	N/A	N/A	GCA_002414505.1	d__Bacteria;p__Proteobacteria;c__Alphaproteobacteria;o__Caulobacterales;f__Hyphomonadaceae;g__Hyphomonas;s__Hyphomonas sp002414505	92.64	0.79	d__Bacteria;p__Proteobacteria;c__Alphaproteobacteria;o__Caulobacterales;f__Hyphomonadaceae;g__Hyphomonas;s__	Placement	taxonomic classification fully defined by topology	GCF_000682775.1, s__Hyphomonas sp000682775, 95.0, 84.98, 0.72; GCF_000682715.1, s__Hyphomonas atlantica, 95.0, 81.72, 0.6; GCA_002695785.1, s__Hyphomonas sp002695785, 95.0, 80.47, 0.51; GCF_000682755.1, s__Hyphomonas beringensis, 95.0, 80.26, 0.52; GCF_000682675.1, s__Hyphomonas sp000682675, 95.0, 80.14, 0.5; GCF_000685275.1, s__Hyphomonas johnsonii, 95.0, 79.49, 0.4; GCF_000682695.1, s__Hyphomonas chukchiensis, 95.0, 79.14, 0.4; GCA_000961695.1, s__Hyphomonas sp000961695, 95.0, 79.07, 0.42; GCA_000961795.1, s__Hyphomonas sp000961795, 95.0, 79.07, 0.38; GCF_000682735.1, s__Hyphomonas sp000682735, 95.0, 78.99, 0.43; GCA_002700305.1, s__Hyphomonas sp002700305, 95.0, 78.99, 0.43; GCF_000685235.1, s__Hyphomonas adhaerens, 95.0, 78.88, 0.41; GCF_000685215.1, s__Hyphomonas jannaschiana, 95.0, 78.87, 0.43; GCF_000685295.1, s__Hyphomonas oceanitis, 95.0, 78.83, 0.39; GCA_002282565.1, s__Hyphomonas sp002282565, 95.0, 77.98, 0.27; GCA_002841155.1, s__Hyphomonas sp002841155, 95.0, 77.82, 0.29; GCF_000013025.1, s__Hyphomonas neptunium, 95.0, 77.76, 0.27; GCF_000685315.1, s__Hyphomonas polymorpha, 95.0, 77.75, 0.31; GCA_001464545.1, s__Hyphomonas sp001464545, 95.0, 77.73, 0.3; GCA_003486945.1, s__Hyphomonas sp003486945, 95.0, 77.55, 0.25	83.61	11	0.996359019046	N/A
5mSIPHEX1-metabat_15	d__Bacteria;p__Proteobacteria;c__Alphaproteobacteria;o__Caulobacterales;f__Hyphomonadaceae;g__Henriciella;s__	N/A	N/A	N/A	N/A	N/A	N/A	N/A	N/A	N/A	d__Bacteria;p__Proteobacteria;c__Alphaproteobacteria;o__Caulobacterales;f__Hyphomonadaceae;g__Henriciella;s__	Placement	taxonomic classification fully defined by topology	N/A	96.03	11	0.959279134206	N/A
